,log_dir,frame_per_second,episode_reward,total_steps,total_episodes,total_time,target_q,actor_loss,critic_loss,success_rate
0,MetaDrive-Tut-100Env-v0,671,11.785428384865066,2001,2,2.980483293533325,,,,0.0
1,MetaDrive-Tut-100Env-v0,622,11.750579045846417,3002,3,4.820432186126709,,,,0.0
2,MetaDrive-Tut-100Env-v0,561,11.076722482459385,4003,4,7.128253221511841,,,,0.0
3,MetaDrive-Tut-100Env-v0,564,11.32018710680509,5004,5,8.869393110275269,,,,0.0
4,MetaDrive-Tut-100Env-v0,545,9.443388595836547,6694,7,12.270512342453003,,,,0.0
5,MetaDrive-Tut-100Env-v0,554,9.810344872609805,7695,8,13.883007764816284,,,,0.0
6,MetaDrive-Tut-100Env-v0,542,9.74134998270691,8696,9,16.03255033493042,,,,0.0
7,MetaDrive-Tut-100Env-v0,556,8.756084999439905,9909,11,17.805057048797607,,,,0.0
8,MetaDrive-Tut-100Env-v0,539,8.339218254988346,10053,12,18.643959999084473,0.013459108769893646,-0.03382003307342529,0.0015844856388866901,0.0
9,MetaDrive-Tut-100Env-v0,300,0.41390338139601984,11982,49,39.91772508621216,0.04278940707445145,,0.003477017395198345,0.0
10,MetaDrive-Tut-100Env-v0,296,0.30681974961111613,12061,50,40.68267059326172,0.048832155764102936,-0.051977165043354034,0.011013105511665344,0.0
11,MetaDrive-Tut-100Env-v0,272,0.3747913839884613,13062,51,47.87002778053284,-0.019640635699033737,,0.5310288667678833,0.0
12,MetaDrive-Tut-100Env-v0,247,0.22238908323433526,14457,54,58.52162146568298,0.021620914340019226,-0.06081443279981613,0.009569268673658371,0.0
13,MetaDrive-Tut-100Env-v0,239,0.10822043140796338,15312,55,63.978925466537476,0.02145368978381157,,0.013574039563536644,0.0
14,MetaDrive-Tut-100Env-v0,226,0.07709161498285785,16458,57,72.53322649002075,-0.003018969437107444,,0.008038229309022427,0.0
15,MetaDrive-Tut-100Env-v0,221,0.035640623155311336,17459,58,78.76014995574951,-0.002637290395796299,0.004793661646544933,0.004226294811815023,0.0
16,MetaDrive-Tut-100Env-v0,214,0.09631205971577644,18460,59,86.08606147766113,-0.015105901286005974,,0.004492852371186018,0.0
17,MetaDrive-Tut-100Env-v0,209,0.15828626159632328,19461,60,92.82409977912903,-0.03265517204999924,0.031246881932020187,0.009061112999916077,0.0
18,MetaDrive-Tut-100Env-v0,204,0.11783682871233739,20462,61,99.91127562522888,-0.051682308316230774,,0.009560619480907917,0.0
19,MetaDrive-Tut-100Env-v0,200,0.17709874749732085,21463,62,106.7951431274414,-0.06902231276035309,0.09516221284866333,0.047606632113456726,0.0
20,MetaDrive-Tut-100Env-v0,196,0.1391999785048461,22750,64,115.5155508518219,-0.08186955749988556,,0.2030618041753769,0.0
21,MetaDrive-Tut-100Env-v0,193,0.024752840789720915,23829,66,123.26678538322449,-0.07012472301721573,0.11396743357181549,0.0026566744782030582,0.0
22,MetaDrive-Tut-100Env-v0,189,0.006778345831547709,24908,68,131.45465326309204,-0.08231152594089508,,0.002166613470762968,0.0
23,MetaDrive-Tut-100Env-v0,187,-0.010467912605095877,25993,70,138.5927131175995,-0.12113812565803528,0.12413135170936584,0.04462100565433502,0.0
24,MetaDrive-Tut-100Env-v0,185,-0.06953451978712817,26857,71,144.5853147506714,-0.10563456267118454,0.09158962965011597,0.021953873336315155,0.0
25,MetaDrive-Tut-100Env-v0,183,-0.08464070508535011,27950,73,152.2497148513794,-0.09551540017127991,,0.004311686381697655,0.0
26,MetaDrive-Tut-100Env-v0,182,-0.0372291215506207,28951,74,158.6808521747589,-0.14850568771362305,0.14631307125091553,0.2790262997150421,0.0
27,MetaDrive-Tut-100Env-v0,180,0.01374486458880984,29952,75,165.52552914619446,-0.11197420954704285,,0.0029838737100362778,0.0
28,MetaDrive-Tut-100Env-v0,179,0.1762140624031341,30840,76,171.75043439865112,-0.10657982528209686,,0.005131763406097889,0.0
29,MetaDrive-Tut-100Env-v0,178,0.06223970020853976,31011,82,173.54167771339417,-0.1163969561457634,0.08825056254863739,0.1087234616279602,0.0
30,MetaDrive-Tut-100Env-v0,175,-0.1413819871678686,32002,107,182.7834436893463,-0.09333264827728271,,0.18911269307136536,0.0
31,MetaDrive-Tut-100Env-v0,172,0.5550945086529409,33009,130,191.0414056777954,0.006121467798948288,-0.03616621345281601,0.008864432573318481,0.0
32,MetaDrive-Tut-100Env-v0,171,1.839133150142266,34004,150,198.67695546150208,0.08986781537532806,,0.018966123461723328,0.0
33,MetaDrive-Tut-100Env-v0,168,2.144603762544126,35352,155,209.2946708202362,0.23935359716415405,,0.014752866700291634,0.0
34,MetaDrive-Tut-100Env-v0,167,4.098375976377642,36095,161,215.63133931159973,0.30392158031463623,-0.4043770730495453,0.10100385546684265,0.0
35,MetaDrive-Tut-100Env-v0,165,7.556953375739905,37049,172,223.53451538085938,0.46776866912841797,-0.5802965760231018,0.016219226643443108,0.0
36,MetaDrive-Tut-100Env-v0,164,9.891102247531014,38015,189,231.72123551368713,0.6979848742485046,-0.8800241947174072,0.04110880196094513,0.0
37,MetaDrive-Tut-100Env-v0,162,13.447527054640831,39010,203,239.98408722877502,1.0719093084335327,,0.07697821408510208,0.0
38,MetaDrive-Tut-100Env-v0,161,20.494530133338486,40251,213,249.937566280365,1.447935938835144,-1.6399593353271484,0.06074437499046326,0.01
39,MetaDrive-Tut-100Env-v0,159,26.34683724607116,41173,219,257.78625679016113,1.8384666442871094,-2.021150588989258,0.5345675945281982,0.01
40,MetaDrive-Tut-100Env-v0,157,32.39569879866813,42084,223,267.2019693851471,2.304419755935669,,0.7153159379959106,0.01
41,MetaDrive-Tut-100Env-v0,156,40.31918618017957,43110,225,275.3388831615448,3.035423755645752,,0.6014947891235352,0.03
42,MetaDrive-Tut-100Env-v0,154,48.78502485498864,44208,229,285.22379088401794,3.960139274597168,,0.26697301864624023,0.04
43,MetaDrive-Tut-100Env-v0,153,57.4540562915219,45241,232,294.4378650188446,4.369009971618652,-4.598711013793945,0.1174338161945343,0.06
44,MetaDrive-Tut-100Env-v0,151,66.33792382550828,46338,235,305.3086361885071,4.895535469055176,,1.5746407508850098,0.08
45,MetaDrive-Tut-100Env-v0,150,72.4598083927218,47102,237,312.3624601364136,5.275189399719238,,0.7190613746643066,0.09
46,MetaDrive-Tut-100Env-v0,149,79.11809142183515,48128,240,321.7011089324951,6.164982795715332,,0.2878603935241699,0.09
47,MetaDrive-Tut-100Env-v0,148,86.32752567512036,49197,245,331.0194888114929,7.272302150726318,-7.421616554260254,0.2913706600666046,0.1
48,MetaDrive-Tut-100Env-v0,147,92.65063021453038,50030,249,338.30781078338623,7.776324272155762,,2.1668708324432373,0.1
49,MetaDrive-Tut-100Env-v0,146,100.83069549815451,51103,253,347.8921527862549,8.658576011657715,-9.049846649169922,3.9216971397399902,0.11
50,MetaDrive-Tut-100Env-v0,145,109.32501596989461,52399,257,360.33333444595337,9.804946899414062,-9.943672180175781,0.8599408864974976,0.11
51,MetaDrive-Tut-100Env-v0,144,113.08997867637324,53056,261,366.8495194911957,10.211160659790039,,0.6687182188034058,0.11
52,MetaDrive-Tut-100Env-v0,143,119.60057357835922,54025,265,375.80682611465454,11.241181373596191,-11.415111541748047,1.5353180170059204,0.11
53,MetaDrive-Tut-100Env-v0,142,129.81340767593534,55338,270,387.81217432022095,11.841646194458008,,1.1363203525543213,0.11
54,MetaDrive-Tut-100Env-v0,141,137.24776825495388,56162,273,395.98859548568726,12.214899063110352,,1.6134541034698486,0.12
55,MetaDrive-Tut-100Env-v0,141,144.100913813123,57130,277,405.0153720378876,12.805513381958008,,1.0247581005096436,0.12
56,MetaDrive-Tut-100Env-v0,140,149.8907065879436,58023,284,412.1340925693512,13.997335433959961,-14.441234588623047,1.2621078491210938,0.12
57,MetaDrive-Tut-100Env-v0,140,157.44812987335,59050,290,420.95503783226013,14.38014030456543,,4.169674396514893,0.12
58,MetaDrive-Tut-100Env-v0,139,166.07904504574148,60090,296,429.21695590019226,15.078902244567871,,1.2606818675994873,0.12
59,MetaDrive-Tut-100Env-v0,139,172.7542114639391,61064,301,436.93169498443604,18.29966926574707,,1.6147708892822266,0.12
60,MetaDrive-Tut-100Env-v0,139,179.3396301902927,62114,304,446.3505096435547,17.435457229614258,,5.784679889678955,0.13
61,MetaDrive-Tut-100Env-v0,138,183.75916056622592,63019,309,454.51148414611816,17.955278396606445,-18.044620513916016,4.332990646362305,0.13
62,MetaDrive-Tut-100Env-v0,138,189.95080127292604,64358,314,465.323689699173,18.342676162719727,,3.1049888134002686,0.15
63,MetaDrive-Tut-100Env-v0,137,193.64932649992815,65146,318,472.19367575645447,19.224245071411133,,7.679387092590332,0.15
64,MetaDrive-Tut-100Env-v0,137,193.39157617580696,66002,322,479.73067140579224,20.179353713989258,,6.568854331970215,0.15
65,MetaDrive-Tut-100Env-v0,137,190.04561850692815,67252,327,489.5718641281128,22.281085968017578,,5.886397361755371,0.15
66,MetaDrive-Tut-100Env-v0,137,186.2551245538112,68040,331,495.57310581207275,21.549089431762695,,2.326406955718994,0.14
67,MetaDrive-Tut-100Env-v0,137,185.25502608509083,69004,334,503.5191135406494,23.21010398864746,,9.36837387084961,0.14
68,MetaDrive-Tut-100Env-v0,135,183.67326694454786,70494,339,518.757401227951,24.190942764282227,,10.14222240447998,0.14
69,MetaDrive-Tut-100Env-v0,135,187.25640908056238,71261,341,525.039350271225,24.15125274658203,-24.551597595214844,6.067883491516113,0.16
70,MetaDrive-Tut-100Env-v0,135,187.13030532733367,72079,345,531.5228424072266,24.986709594726562,-25.499177932739258,5.4148383140563965,0.16
71,MetaDrive-Tut-100Env-v0,135,189.10301027451067,73071,349,539.7941062450409,26.38602638244629,-27.08740234375,4.516218662261963,0.17
72,MetaDrive-Tut-100Env-v0,135,184.54089473622534,74098,355,548.385419845581,27.344650268554688,,8.707027435302734,0.17
73,MetaDrive-Tut-100Env-v0,134,186.24657606375706,75030,358,556.7913763523102,28.088333129882812,,4.269407749176025,0.19
74,MetaDrive-Tut-100Env-v0,133,191.08519207991714,76415,362,570.8061282634735,29.274229049682617,-30.097131729125977,3.855666160583496,0.21
75,MetaDrive-Tut-100Env-v0,133,190.98807900058216,77082,365,576.0334103107452,29.573543548583984,,6.331817626953125,0.22
76,MetaDrive-Tut-100Env-v0,133,191.91974009695025,78179,369,585.8254683017731,30.241430282592773,-30.652061462402344,16.585269927978516,0.24
77,MetaDrive-Tut-100Env-v0,133,187.3492577576165,79401,374,596.654470205307,30.88567352294922,-31.698177337646484,14.149438858032227,0.25
78,MetaDrive-Tut-100Env-v0,133,191.18599651045145,80254,376,603.3408250808716,31.44402313232422,,8.911811828613281,0.26
79,MetaDrive-Tut-100Env-v0,132,192.5179930824511,81148,381,610.5484857559204,30.76034927368164,,19.01199722290039,0.27
80,MetaDrive-Tut-100Env-v0,132,197.4758659778341,82136,384,619.5831232070923,32.417869567871094,,6.319039344787598,0.29
81,MetaDrive-Tut-100Env-v0,132,200.9144636722865,83336,388,630.2885098457336,33.28288269042969,,3.9364709854125977,0.32
82,MetaDrive-Tut-100Env-v0,132,204.58953523934417,84378,392,639.0186715126038,31.54708480834961,,3.5890145301818848,0.34
83,MetaDrive-Tut-100Env-v0,131,208.42172404220764,85236,394,645.8194463253021,33.043983459472656,,3.369986057281494,0.36
84,MetaDrive-Tut-100Env-v0,131,208.85219257136725,86072,397,653.296149969101,34.11576843261719,,40.14112091064453,0.37
85,MetaDrive-Tut-100Env-v0,131,211.76570260114306,87260,400,663.7241427898407,33.665279388427734,,9.798887252807617,0.39
86,MetaDrive-Tut-100Env-v0,131,214.9696581957215,88236,402,672.4450268745422,34.90144348144531,,12.695211410522461,0.4
87,MetaDrive-Tut-100Env-v0,131,216.48319851143955,89479,405,682.8732249736786,34.795982360839844,-35.52503204345703,5.255097389221191,0.42
88,MetaDrive-Tut-100Env-v0,130,219.9197123142332,90168,406,689.5532274246216,34.40660095214844,,16.86487579345703,0.43
89,MetaDrive-Tut-100Env-v0,130,224.91081596727486,91085,408,697.7332022190094,34.59173583984375,-34.96533966064453,10.31209945678711,0.45
90,MetaDrive-Tut-100Env-v0,130,223.12845556027474,92032,413,706.2022624015808,35.666603088378906,,4.9768524169921875,0.44
91,MetaDrive-Tut-100Env-v0,130,227.26830717162386,93089,415,715.8581490516663,37.12851333618164,-38.766876220703125,18.31494903564453,0.45
92,MetaDrive-Tut-100Env-v0,129,230.30293134085616,94436,419,727.1735570430756,38.089019775390625,,4.275411605834961,0.47
93,MetaDrive-Tut-100Env-v0,129,234.0023320365333,95596,422,737.5922336578369,36.68646240234375,,9.392218589782715,0.49
94,MetaDrive-Tut-100Env-v0,129,235.05613372554507,96043,423,741.4835276603699,35.904205322265625,-36.26659393310547,9.277959823608398,0.5
95,MetaDrive-Tut-100Env-v0,129,238.74758973666437,97219,426,751.8608601093292,37.694068908691406,-38.690589904785156,13.061763763427734,0.52
96,MetaDrive-Tut-100Env-v0,128,244.25250184644628,98449,428,763.5932765007019,36.46105194091797,-37.43492126464844,4.975285530090332,0.53
97,MetaDrive-Tut-100Env-v0,128,247.6322527514289,99149,429,770.616660118103,38.56732177734375,-39.343666076660156,5.697000026702881,0.54
98,MetaDrive-Tut-100Env-v0,127,250.11663402691897,100654,432,788.0974011421204,40.523155212402344,,9.77350902557373,0.54
99,MetaDrive-Tut-100Env-v0,127,252.47883903685818,101089,433,792.3097169399261,40.69327163696289,-41.06810760498047,4.944694519042969,0.55
100,MetaDrive-Tut-100Env-v0,127,252.98559848988475,102120,436,800.9574980735779,40.25337600708008,,7.901373863220215,0.56
101,MetaDrive-Tut-100Env-v0,127,255.81693637543174,103140,438,808.8683977127075,41.98774719238281,,5.661324501037598,0.57
102,MetaDrive-Tut-100Env-v0,127,255.9045542477803,104290,440,819.2517201900482,41.02882766723633,,6.951412200927734,0.57
103,MetaDrive-Tut-100Env-v0,127,255.05483328627332,105075,442,825.7370464801788,41.20927429199219,-41.77122497558594,37.881683349609375,0.56
104,MetaDrive-Tut-100Env-v0,127,259.8849082374643,106243,445,835.8249621391296,40.98333740234375,-41.72205352783203,5.128706932067871,0.58
105,MetaDrive-Tut-100Env-v0,127,265.3695479787188,107228,447,844.2240943908691,40.21766662597656,,14.229701042175293,0.6
106,MetaDrive-Tut-100Env-v0,126,267.9201685610484,108588,449,858.6632969379425,41.25775909423828,,9.118950843811035,0.6
107,MetaDrive-Tut-100Env-v0,126,268.6259138103788,109067,450,863.1600742340088,42.4956169128418,-42.499114990234375,6.553454399108887,0.6
108,MetaDrive-Tut-100Env-v0,126,273.1858620716974,110046,452,871.8214294910431,41.279659271240234,,17.936141967773438,0.62
109,MetaDrive-Tut-100Env-v0,126,279.9422998774174,111476,455,884.6057224273682,41.79059600830078,,18.54894256591797,0.65
110,MetaDrive-Tut-100Env-v0,125,279.9035277511025,112355,457,892.5392761230469,44.2867431640625,-44.75814437866211,24.232555389404297,0.65
111,MetaDrive-Tut-100Env-v0,125,282.81178818000814,113042,459,898.3851490020752,41.950233459472656,,12.109519958496094,0.66
112,MetaDrive-Tut-100Env-v0,125,285.81240766262397,114242,461,909.105101108551,42.97427749633789,,10.127176284790039,0.67
113,MetaDrive-Tut-100Env-v0,125,284.23368504632856,115010,463,916.3275535106659,43.11025619506836,,35.826515197753906,0.67
114,MetaDrive-Tut-100Env-v0,125,287.58503866180416,116045,465,926.2497355937958,42.33662033081055,-43.87498474121094,8.731744766235352,0.67
115,MetaDrive-Tut-100Env-v0,125,291.291285218284,117378,468,938.7969634532928,44.96449661254883,,8.447317123413086,0.68
116,MetaDrive-Tut-100Env-v0,124,295.757605563449,118528,470,949.0107939243317,43.954769134521484,,13.897336959838867,0.69
117,MetaDrive-Tut-100Env-v0,124,296.88169933179034,119277,472,954.5702841281891,42.53635787963867,-43.576751708984375,5.169507026672363,0.69
118,MetaDrive-Tut-100Env-v0,124,301.27465037196947,120490,474,964.7483491897583,44.471153259277344,,5.800481796264648,0.7
119,MetaDrive-Tut-100Env-v0,124,300.5019194135894,121152,476,971.8340749740601,42.641056060791016,,8.057002067565918,0.7
120,MetaDrive-Tut-100Env-v0,124,308.25067726185483,122551,479,984.2523605823517,43.505836486816406,-43.74821090698242,9.343730926513672,0.72
121,MetaDrive-Tut-100Env-v0,124,313.0180838875157,123552,480,995.1038856506348,43.62896728515625,,26.33786392211914,0.72
122,MetaDrive-Tut-100Env-v0,124,312.9174825984785,124189,482,1000.9223794937134,43.83854293823242,-44.27499771118164,7.65867280960083,0.72
123,MetaDrive-Tut-100Env-v0,124,312.2622422495186,125103,484,1008.8920676708221,44.71843719482422,-45.52314376831055,4.639705657958984,0.72
124,MetaDrive-Tut-100Env-v0,123,315.46550973509414,126107,486,1019.0721507072449,45.109859466552734,-45.049293518066406,6.603920936584473,0.73
125,MetaDrive-Tut-100Env-v0,123,318.9442648209392,127316,488,1030.251310825348,42.12860107421875,,21.174903869628906,0.73
126,MetaDrive-Tut-100Env-v0,123,321.2633524156757,128308,491,1038.9218966960907,45.27785873413086,,37.7025032043457,0.73
127,MetaDrive-Tut-100Env-v0,123,315.86494305354125,129057,494,1045.025871515274,43.70256805419922,-43.88636016845703,5.666767120361328,0.71
128,MetaDrive-Tut-100Env-v0,123,321.6506250788442,130614,497,1059.1194052696228,45.47679138183594,,3.9956459999084473,0.73
129,MetaDrive-Tut-100Env-v0,123,321.8689230407219,131125,498,1063.460699081421,43.386051177978516,-44.596656799316406,26.5416202545166,0.73
130,MetaDrive-Tut-100Env-v0,123,323.71213147005415,132143,500,1072.0682184696198,46.899658203125,-47.016624450683594,7.618724822998047,0.74
131,MetaDrive-Tut-100Env-v0,123,323.2170029368549,133090,502,1079.8948867321014,46.78427505493164,,20.738882064819336,0.74
132,MetaDrive-Tut-100Env-v0,123,324.58782898914154,134455,505,1092.3566908836365,43.30651092529297,-43.85788345336914,8.749242782592773,0.75
133,MetaDrive-Tut-100Env-v0,122,321.4320516632925,135442,507,1102.115685224533,45.38783264160156,,17.145885467529297,0.75
134,MetaDrive-Tut-100Env-v0,122,324.19300876344334,136514,509,1112.6885178089142,46.41197967529297,,9.901308059692383,0.75
135,MetaDrive-Tut-100Env-v0,122,330.3237021862242,137550,511,1121.553371667862,46.73238754272461,,11.890918731689453,0.77
136,MetaDrive-Tut-100Env-v0,122,333.1202723764771,138103,512,1126.6567726135254,44.37875747680664,-44.61552810668945,5.734509468078613,0.78
137,MetaDrive-Tut-100Env-v0,122,334.0206939016256,139454,515,1137.989825963974,45.84228515625,,32.385276794433594,0.79
138,MetaDrive-Tut-100Env-v0,122,337.1077282513091,140031,516,1143.1871881484985,45.73298645019531,-45.9434814453125,9.842689514160156,0.8
139,MetaDrive-Tut-100Env-v0,122,337.26419195440394,141285,519,1153.8265743255615,44.46876525878906,-44.574180603027344,25.613805770874023,0.81
140,MetaDrive-Tut-100Env-v0,122,338.84793811869633,142056,521,1160.7560274600983,47.57241439819336,,9.897674560546875,0.81
141,MetaDrive-Tut-100Env-v0,122,336.144840826924,143251,524,1170.1698038578033,45.86528778076172,-45.732887268066406,5.085038185119629,0.8
142,MetaDrive-Tut-100Env-v0,122,335.8164767920415,144097,526,1177.1681101322174,45.2197380065918,-45.969482421875,41.31175994873047,0.79
143,MetaDrive-Tut-100Env-v0,122,332.243306982496,145054,528,1184.4780950546265,44.52600860595703,,7.215271949768066,0.79
144,MetaDrive-Tut-100Env-v0,122,332.94979806806157,146391,531,1195.260176897049,46.04232406616211,-46.88654327392578,11.989609718322754,0.8
145,MetaDrive-Tut-100Env-v0,122,331.2159355227445,147336,533,1203.3193860054016,44.70420837402344,,8.777913093566895,0.79
146,MetaDrive-Tut-100Env-v0,122,331.95452849664,148007,535,1208.4477887153625,45.33647918701172,-45.22779083251953,8.568422317504883,0.79
147,MetaDrive-Tut-100Env-v0,122,331.79474028440114,149401,538,1218.916799545288,43.78660202026367,-43.76831817626953,6.023733615875244,0.79
148,MetaDrive-Tut-100Env-v0,122,331.55726926612607,150400,540,1227.194715976715,43.240074157714844,,11.706136703491211,0.79
149,MetaDrive-Tut-100Env-v0,122,331.9050541374755,151014,541,1233.3595345020294,47.2123908996582,,7.13464879989624,0.79
150,MetaDrive-Tut-100Env-v0,122,337.3898040793714,152096,543,1243.7454795837402,47.11697006225586,,6.767681121826172,0.81
151,MetaDrive-Tut-100Env-v0,122,337.89925357325575,153112,545,1252.74915766716,45.74510955810547,,5.522451877593994,0.81
152,MetaDrive-Tut-100Env-v0,122,336.2214225033954,154359,548,1263.3385331630707,46.847232818603516,-46.478267669677734,15.959800720214844,0.8
153,MetaDrive-Tut-100Env-v0,122,333.42280454359457,155278,550,1271.7278327941895,45.89826965332031,,5.078144073486328,0.81
154,MetaDrive-Tut-100Env-v0,121,333.395442360718,156268,552,1281.1870760917664,41.977195739746094,,38.34246063232422,0.8
155,MetaDrive-Tut-100Env-v0,121,332.61784249571735,157151,554,1288.8399856090546,45.121944427490234,-46.33348083496094,8.112077713012695,0.8
156,MetaDrive-Tut-100Env-v0,121,331.9057747533012,158001,556,1296.4743671417236,45.675132751464844,-46.82700729370117,8.304208755493164,0.8
157,MetaDrive-Tut-100Env-v0,121,335.40859970837175,159191,558,1306.8123307228088,43.691619873046875,-44.38338088989258,17.737932205200195,0.81
158,MetaDrive-Tut-100Env-v0,121,334.5890310775705,160081,560,1314.6490280628204,43.616355895996094,-43.68819808959961,6.208162307739258,0.81
159,MetaDrive-Tut-100Env-v0,121,334.27650980306714,161109,562,1323.9001731872559,45.10625457763672,-44.69911193847656,9.283735275268555,0.81
160,MetaDrive-Tut-100Env-v0,121,336.7601802198331,162582,565,1335.4770431518555,45.61506652832031,,7.117161750793457,0.83
161,MetaDrive-Tut-100Env-v0,121,338.5379491443901,163556,567,1343.6937291622162,43.27045440673828,,10.203619003295898,0.84
162,MetaDrive-Tut-100Env-v0,121,338.9119648126631,164025,568,1348.0530803203583,44.426944732666016,-44.530113220214844,12.283834457397461,0.84
163,MetaDrive-Tut-100Env-v0,121,338.44538541554664,165035,570,1356.9144804477692,46.182106018066406,-46.29713439941406,13.096158981323242,0.84
164,MetaDrive-Tut-100Env-v0,121,339.73357383580264,166437,573,1370.8201854228973,44.539283752441406,-44.0217399597168,6.757742881774902,0.85
165,MetaDrive-Tut-100Env-v0,121,338.928149262975,167036,574,1375.9500751495361,44.352752685546875,,9.621174812316895,0.85
166,MetaDrive-Tut-100Env-v0,121,340.8816741454619,168328,577,1389.1931459903717,42.98584747314453,,7.031575679779053,0.86
167,MetaDrive-Tut-100Env-v0,121,340.32269530966886,169410,579,1399.238154888153,43.913856506347656,,10.130305290222168,0.86
168,MetaDrive-Tut-100Env-v0,120,339.8800961218798,170658,581,1410.8635156154633,45.304344177246094,,24.69710922241211,0.87
169,MetaDrive-Tut-100Env-v0,120,341.71448197040047,171118,582,1414.6124885082245,44.52996826171875,,9.277711868286133,0.88
170,MetaDrive-Tut-100Env-v0,120,342.0214575971153,172087,584,1423.6937847137451,45.500205993652344,-46.94292449951172,6.733826637268066,0.88
171,MetaDrive-Tut-100Env-v0,120,341.74954825357526,173047,586,1431.7255651950836,44.362510681152344,-45.095367431640625,9.757353782653809,0.88
172,MetaDrive-Tut-100Env-v0,120,341.98275458607685,174233,588,1442.1362767219543,42.26715087890625,-43.52692413330078,10.753610610961914,0.88
173,MetaDrive-Tut-100Env-v0,120,344.98758970089693,175568,591,1453.7264268398285,43.13785934448242,,8.142885208129883,0.89
174,MetaDrive-Tut-100Env-v0,120,347.8025141648127,176256,593,1459.4027936458588,42.677093505859375,,6.1497697830200195,0.9
175,MetaDrive-Tut-100Env-v0,120,342.9525572932323,177183,596,1467.0166051387787,43.987403869628906,-44.34371566772461,31.725812911987305,0.89
176,MetaDrive-Tut-100Env-v0,120,340.7738775651814,178034,598,1474.7070202827454,45.20140075683594,,8.198158264160156,0.88
177,MetaDrive-Tut-100Env-v0,120,340.2255468576773,179062,600,1484.1291801929474,44.60737991333008,,10.510440826416016,0.88
178,MetaDrive-Tut-100Env-v0,120,340.07128734481006,180351,603,1495.6603291034698,44.36024475097656,-44.66263198852539,7.148491859436035,0.88
179,MetaDrive-Tut-100Env-v0,120,340.0531657477071,181262,605,1503.710789680481,43.80039978027344,,13.88082218170166,0.88
180,MetaDrive-Tut-100Env-v0,120,341.3297398290103,182264,607,1512.5617179870605,43.52566909790039,,13.413025856018066,0.88
181,MetaDrive-Tut-100Env-v0,120,339.48893180633985,183295,609,1521.4497032165527,44.947269439697266,-44.74266815185547,14.570396423339844,0.88
182,MetaDrive-Tut-100Env-v0,120,339.660451658237,184311,611,1530.7258651256561,43.726905822753906,-44.20657730102539,6.949756622314453,0.88
183,MetaDrive-Tut-100Env-v0,120,338.97071676197913,185317,613,1538.8672511577606,43.28193664550781,-44.084381103515625,13.954694747924805,0.88
184,MetaDrive-Tut-100Env-v0,120,339.2857841563644,186289,615,1547.6226856708527,43.10792541503906,-43.51366424560547,7.138212203979492,0.88
185,MetaDrive-Tut-100Env-v0,120,338.75338230623464,187353,617,1557.0083520412445,43.98876953125,-45.16028594970703,9.543896675109863,0.88
186,MetaDrive-Tut-100Env-v0,120,338.72289148084843,188222,619,1564.0276226997375,43.36840057373047,,8.575299263000488,0.88
187,MetaDrive-Tut-100Env-v0,120,340.9462135573413,189230,621,1573.4240062236786,43.67491149902344,,8.447301864624023,0.89
188,MetaDrive-Tut-100Env-v0,120,340.4506903158714,190024,623,1580.8350369930267,44.33612060546875,,27.706378936767578,0.89
189,MetaDrive-Tut-100Env-v0,120,339.9139106776788,191405,626,1593.694763660431,41.774654388427734,-42.047847747802734,11.00457763671875,0.88
190,MetaDrive-Tut-100Env-v0,120,340.2318234657349,192011,627,1599.3278996944427,44.751136779785156,-46.06971740722656,13.609024047851562,0.88
191,MetaDrive-Tut-100Env-v0,119,340.92659038892174,193471,630,1612.500321149826,44.034603118896484,-44.96405792236328,15.555830955505371,0.88
192,MetaDrive-Tut-100Env-v0,119,339.34380800599206,194217,632,1618.5221321582794,42.60970687866211,-42.62165832519531,5.684281826019287,0.88
193,MetaDrive-Tut-100Env-v0,119,341.2935989987747,195356,634,1628.4779090881348,42.80125427246094,,15.005745887756348,0.89
194,MetaDrive-Tut-100Env-v0,119,342.5333538764464,196340,636,1636.6589295864105,43.78840637207031,,16.40533447265625,0.9
195,MetaDrive-Tut-100Env-v0,119,342.74510710009446,197141,638,1643.5944969654083,43.59919738769531,-44.39961624145508,8.059513092041016,0.89
196,MetaDrive-Tut-100Env-v0,119,342.70410430059025,198412,640,1656.4235517978668,42.94408416748047,,7.76817512512207,0.89
197,MetaDrive-Tut-100Env-v0,119,342.73974006731316,199036,641,1662.6583573818207,42.6743049621582,,9.22867202758789,0.89
198,MetaDrive-Tut-100Env-v0,119,342.25049223089036,200104,643,1672.2803885936737,42.30815887451172,,11.266745567321777,0.89
199,MetaDrive-Tut-100Env-v0,119,337.7782303795919,201432,646,1684.330599308014,40.521209716796875,,23.676223754882812,0.88
200,MetaDrive-Tut-100Env-v0,119,340.0017557209376,202476,648,1693.8133645057678,42.24969482421875,,39.5425910949707,0.89
201,MetaDrive-Tut-100Env-v0,119,339.18760344081204,203410,650,1702.6479070186615,45.34490966796875,,7.908775329589844,0.89
202,MetaDrive-Tut-100Env-v0,119,340.2358927923768,204045,651,1708.224914073944,41.156219482421875,-41.02702713012695,25.257598876953125,0.9
203,MetaDrive-Tut-100Env-v0,119,341.80735981634666,205421,653,1721.1923921108246,41.624908447265625,-42.23847198486328,12.08294677734375,0.9
204,MetaDrive-Tut-100Env-v0,119,341.6743283277273,206421,655,1729.252892255783,42.688018798828125,-43.96683120727539,5.961338043212891,0.9
205,MetaDrive-Tut-100Env-v0,119,343.8175668645745,207068,656,1735.5320100784302,44.84535598754883,,10.366484642028809,0.9
206,MetaDrive-Tut-100Env-v0,119,341.2225275858143,208312,658,1745.8711359500885,43.67768478393555,,6.062017440795898,0.9
207,MetaDrive-Tut-100Env-v0,119,339.5714256812735,209273,660,1752.8565304279327,40.03803253173828,-40.024532318115234,9.526007652282715,0.9
208,MetaDrive-Tut-100Env-v0,119,337.0007082469804,210138,662,1759.6340482234955,44.08280944824219,,8.506391525268555,0.9
209,MetaDrive-Tut-100Env-v0,119,337.6358144312599,211135,664,1767.5865633487701,44.74405288696289,-45.4598388671875,6.393702030181885,0.9
210,MetaDrive-Tut-100Env-v0,119,334.14603645151504,212673,667,1780.9833257198334,44.88652420043945,-45.12652587890625,8.542802810668945,0.89
211,MetaDrive-Tut-100Env-v0,119,333.8952641567173,213257,668,1786.4109156131744,43.061988830566406,-44.135650634765625,6.844985008239746,0.89
212,MetaDrive-Tut-100Env-v0,119,332.3188620643226,214331,670,1794.84161734581,42.060386657714844,-42.776939392089844,45.27009582519531,0.89
213,MetaDrive-Tut-100Env-v0,119,330.2930227324916,215249,672,1801.980403661728,42.17355728149414,-43.16437530517578,11.813724517822266,0.89
214,MetaDrive-Tut-100Env-v0,119,328.840924899811,216543,674,1814.4628250598907,39.744598388671875,-40.1078987121582,7.729024887084961,0.89
215,MetaDrive-Tut-100Env-v0,119,329.4165867201939,217276,675,1820.1233141422272,43.495933532714844,,12.425029754638672,0.89
216,MetaDrive-Tut-100Env-v0,119,330.16280163431844,218570,677,1829.7840378284454,42.82402801513672,,8.09947681427002,0.9
217,MetaDrive-Tut-100Env-v0,119,329.48356965986363,219388,678,1835.4473938941956,43.302330017089844,,7.004962921142578,0.9
218,MetaDrive-Tut-100Env-v0,119,329.1600371049753,220361,679,1843.185353755951,41.50532150268555,-42.11661148071289,13.375856399536133,0.9
219,MetaDrive-Tut-100Env-v0,119,329.7479933159089,221362,680,1852.50772356987,39.38807678222656,,8.942305564880371,0.89
220,MetaDrive-Tut-100Env-v0,119,329.2353183376675,222196,681,1860.0805871486664,39.12497329711914,,9.63720703125,0.89
221,MetaDrive-Tut-100Env-v0,119,329.32765027804123,223084,683,1867.4296100139618,43.70893859863281,,11.603963851928711,0.89
222,MetaDrive-Tut-100Env-v0,119,329.9294608025386,224455,685,1877.9789953231812,41.39771270751953,-41.43984603881836,9.192022323608398,0.89
223,MetaDrive-Tut-100Env-v0,119,328.5067819259686,225509,687,1886.651165008545,41.09528350830078,-40.69305419921875,7.752120018005371,0.89
224,MetaDrive-Tut-100Env-v0,119,326.5010452253469,226480,689,1895.5487954616547,40.927284240722656,,26.33649444580078,0.89
225,MetaDrive-Tut-100Env-v0,119,324.71240471379406,227232,691,1902.5294387340546,40.59837341308594,,6.832791328430176,0.88
226,MetaDrive-Tut-100Env-v0,119,328.192854516216,228623,693,1915.49338889122,40.33535385131836,-40.61065673828125,15.749927520751953,0.89
227,MetaDrive-Tut-100Env-v0,119,330.7788195373853,229136,694,1919.802561044693,39.59282302856445,,5.171341896057129,0.9
228,MetaDrive-Tut-100Env-v0,119,332.995311172492,230348,696,1930.5056080818176,40.994873046875,,10.981264114379883,0.9
229,MetaDrive-Tut-100Env-v0,119,332.8695892427432,231027,697,1935.5348854064941,42.172828674316406,-42.45698547363281,8.37646484375,0.91
230,MetaDrive-Tut-100Env-v0,119,334.397030340327,232536,699,1950.1680150032043,41.12129592895508,,7.908407688140869,0.91
231,MetaDrive-Tut-100Env-v0,119,333.2486558018921,233537,700,1957.8788785934448,40.57476043701172,-40.317569732666016,8.554563522338867,0.9
232,MetaDrive-Tut-100Env-v0,119,333.8874298995899,234538,701,1967.9753391742706,39.97146224975586,,22.158628463745117,0.89
233,MetaDrive-Tut-100Env-v0,119,334.63771737327653,235166,702,1973.3872425556183,41.061866760253906,,6.250001907348633,0.89
234,MetaDrive-Tut-100Env-v0,119,335.64506260645067,236275,704,1982.2520818710327,38.83740234375,-38.7064094543457,9.269384384155273,0.89
235,MetaDrive-Tut-100Env-v0,119,336.60806976054204,237075,705,1990.4763655662537,41.763267517089844,-42.27104949951172,14.358630180358887,0.89
236,MetaDrive-Tut-100Env-v0,119,337.15263593100747,238182,707,2001.4308536052704,40.91448974609375,,10.806812286376953,0.89
237,MetaDrive-Tut-100Env-v0,118,339.65757553332946,239500,709,2014.823407649994,39.99570083618164,,12.156634330749512,0.89
238,MetaDrive-Tut-100Env-v0,118,338.9692264264728,240398,711,2023.7870166301727,40.92108154296875,,7.501779556274414,0.88
239,MetaDrive-Tut-100Env-v0,118,339.9361081928528,241399,712,2032.4138419628143,40.176475524902344,-41.00617980957031,20.11295509338379,0.87
240,MetaDrive-Tut-100Env-v0,118,340.9385857339743,242400,713,2040.6676230430603,40.85438919067383,,8.408491134643555,0.86
241,MetaDrive-Tut-100Env-v0,118,340.05293545516054,243401,714,2048.218712091446,38.98058319091797,-39.29824447631836,7.187179088592529,0.85
242,MetaDrive-Tut-100Env-v0,118,341.4806895759219,244357,716,2057.081767320633,41.26700210571289,-40.86709213256836,8.274581909179688,0.85
243,MetaDrive-Tut-100Env-v0,118,340.9500194671098,245896,718,2069.169366836548,40.00978088378906,,7.991702556610107,0.84
244,MetaDrive-Tut-100Env-v0,118,342.4437199238306,246897,719,2078.7827212810516,40.772403717041016,-41.15741729736328,20.694705963134766,0.83
245,MetaDrive-Tut-100Env-v0,118,338.9945717230918,247005,720,2079.7871844768524,37.86266326904297,-38.48210144042969,6.460904121398926,0.82
246,MetaDrive-Tut-100Env-v0,118,336.73949102198986,248298,724,2091.49862241745,38.46611022949219,,8.116524696350098,0.81
247,MetaDrive-Tut-100Env-v0,118,338.5320573450649,249299,725,2099.01060295105,41.791908264160156,-41.55550003051758,4.14115047454834,0.81
248,MetaDrive-Tut-100Env-v0,118,337.44261712022234,250863,727,2110.0670194625854,37.95241928100586,-38.61982345581055,10.566301345825195,0.81
249,MetaDrive-Tut-100Env-v0,118,337.0799585575576,251864,728,2117.08917927742,41.676143646240234,,6.515602111816406,0.8
250,MetaDrive-Tut-100Env-v0,119,337.7266310590828,252865,729,2124.226501941681,39.004608154296875,-39.673431396484375,9.423162460327148,0.79
251,MetaDrive-Tut-100Env-v0,119,337.1728237890641,253182,730,2126.7089519500732,39.51936721801758,,13.977617263793945,0.79
252,MetaDrive-Tut-100Env-v0,119,339.9615318700017,254271,732,2136.7060894966125,38.20976257324219,-38.89337158203125,6.942944049835205,0.79
253,MetaDrive-Tut-100Env-v0,118,336.6710428949745,255167,735,2145.80748796463,39.623085021972656,-40.04677963256836,13.907003402709961,0.77
254,MetaDrive-Tut-100Env-v0,118,336.738193356552,256014,737,2154.1857879161835,39.284156799316406,,12.2537202835083,0.77
255,MetaDrive-Tut-100Env-v0,118,328.7016849737199,257157,741,2166.7578132152557,42.71794128417969,-43.365699768066406,5.6891937255859375,0.74
256,MetaDrive-Tut-100Env-v0,118,328.33785352720406,258136,744,2175.979145526886,38.46886444091797,,12.61703872680664,0.74
257,MetaDrive-Tut-100Env-v0,118,329.23911735815886,259166,746,2186.32590341568,39.40496063232422,,11.42738151550293,0.74
258,MetaDrive-Tut-100Env-v0,118,331.9816900847891,260820,748,2204.3129098415375,39.63273239135742,,8.081783294677734,0.73
259,MetaDrive-Tut-100Env-v0,118,332.3674150358735,261397,749,2209.0965371131897,39.447303771972656,-39.79497146606445,4.095780372619629,0.73
260,MetaDrive-Tut-100Env-v0,118,332.298920577664,262398,750,2217.0847334861755,41.22052001953125,,8.280864715576172,0.72
261,MetaDrive-Tut-100Env-v0,118,328.79523093633543,263012,752,2221.813856124878,41.20195770263672,,7.205827713012695,0.71
262,MetaDrive-Tut-100Env-v0,118,329.16738968552846,264345,755,2233.9932720661163,41.592769622802734,-41.93367385864258,5.149196147918701,0.71
263,MetaDrive-Tut-100Env-v0,118,328.59412619227055,265383,757,2244.4729952812195,40.23043441772461,-40.129371643066406,10.242060661315918,0.71
264,MetaDrive-Tut-100Env-v0,118,328.4960320319439,266236,759,2253.288036108017,38.92416000366211,,5.631221771240234,0.7
265,MetaDrive-Tut-100Env-v0,118,326.70914641527605,267048,762,2261.696462869644,38.125545501708984,,9.016260147094727,0.68
266,MetaDrive-Tut-100Env-v0,117,331.2359011349652,268954,765,2280.5777175426483,41.43024444580078,,6.413780212402344,0.68
267,MetaDrive-Tut-100Env-v0,117,327.68828481212716,269161,766,2282.256330728531,39.88412094116211,-40.37812805175781,6.0717267990112305,0.67
268,MetaDrive-Tut-100Env-v0,117,328.5091061464734,270115,768,2292.1869163513184,39.51654052734375,-40.2169075012207,8.403789520263672,0.67
269,MetaDrive-Tut-100Env-v0,117,329.82554117012376,271053,770,2301.935713291168,38.0301513671875,-38.71287155151367,8.525304794311523,0.66
270,MetaDrive-Tut-100Env-v0,117,331.8822746709109,272334,773,2314.383493423462,38.264278411865234,,6.616644382476807,0.65
271,MetaDrive-Tut-100Env-v0,117,329.32091419923074,273457,776,2325.4888570308685,37.282958984375,-38.04248046875,25.63988494873047,0.63
272,MetaDrive-Tut-100Env-v0,117,328.9941140664541,274176,778,2331.682614803314,38.935977935791016,,32.35797882080078,0.62
273,MetaDrive-Tut-100Env-v0,117,327.691559985247,275122,780,2340.1497840881348,39.15138244628906,,8.733633995056152,0.63
274,MetaDrive-Tut-100Env-v0,117,325.0735342351474,276102,783,2350.1658778190613,39.557342529296875,,6.530387878417969,0.62
275,MetaDrive-Tut-100Env-v0,117,324.44211612138804,277235,786,2360.363394021988,39.60485076904297,-40.099769592285156,6.557137489318848,0.61
276,MetaDrive-Tut-100Env-v0,117,322.37794224981405,278687,789,2372.912989616394,37.20588684082031,-37.908409118652344,7.691357135772705,0.6
277,MetaDrive-Tut-100Env-v0,117,326.34502686212335,279386,790,2379.8784210681915,40.662437438964844,,5.22091007232666,0.61
278,MetaDrive-Tut-100Env-v0,117,328.45427812320014,280016,791,2385.642755508423,39.286869049072266,,6.998597621917725,0.62
279,MetaDrive-Tut-100Env-v0,117,326.8346474377641,281142,793,2394.6758363246918,38.96678924560547,,5.674293518066406,0.62
280,MetaDrive-Tut-100Env-v0,117,327.00823445775865,282088,795,2403.7342615127563,38.06370544433594,,15.283658981323242,0.62
281,MetaDrive-Tut-100Env-v0,117,327.98354525826505,283057,797,2412.4080197811127,41.12627410888672,-41.389625549316406,4.113851070404053,0.62
282,MetaDrive-Tut-100Env-v0,117,325.2904964269809,284547,800,2423.017856836319,38.118385314941406,-38.51099395751953,5.115286350250244,0.61
283,MetaDrive-Tut-100Env-v0,117,320.8568101583712,285290,802,2429.334662437439,40.39887237548828,,14.003437995910645,0.61
284,MetaDrive-Tut-100Env-v0,117,317.5481494188994,286727,805,2441.391763448715,38.69469451904297,-38.789527893066406,4.765451431274414,0.6
285,MetaDrive-Tut-100Env-v0,117,316.25161094550117,287091,806,2444.0576555728912,41.16926574707031,-41.34435272216797,13.13525390625,0.6
286,MetaDrive-Tut-100Env-v0,117,315.13608292148746,288065,808,2452.502905845642,38.405086517333984,-38.235328674316406,31.821868896484375,0.6
287,MetaDrive-Tut-100Env-v0,117,312.8870419626004,289066,809,2460.6240265369415,41.038177490234375,,5.288683891296387,0.59
288,MetaDrive-Tut-100Env-v0,117,312.698721446915,290430,811,2470.523896932602,37.9493293762207,,9.387828826904297,0.59
289,MetaDrive-Tut-100Env-v0,117,308.66300544577336,291617,813,2480.1074295043945,38.48387908935547,-38.469154357910156,6.984619140625,0.59
290,MetaDrive-Tut-100Env-v0,117,308.2331857743352,292618,814,2489.228851556778,39.824832916259766,,4.8839111328125,0.59
291,MetaDrive-Tut-100Env-v0,117,308.6687471821651,293619,815,2498.4891946315765,40.60816955566406,-40.321922302246094,15.903555870056152,0.58
292,MetaDrive-Tut-100Env-v0,117,311.3037277045725,294267,816,2505.0047013759613,41.38414764404297,-41.63119125366211,12.445555686950684,0.58
293,MetaDrive-Tut-100Env-v0,117,312.08235975407604,295454,818,2516.0700237751007,42.06364440917969,,4.891801834106445,0.59
294,MetaDrive-Tut-100Env-v0,117,312.61431610100936,296160,820,2522.0253536701202,38.65819549560547,,6.04642915725708,0.6
295,MetaDrive-Tut-100Env-v0,117,317.63324250742687,297099,822,2529.4081966876984,40.766746520996094,-40.551048278808594,5.216083526611328,0.62
296,MetaDrive-Tut-100Env-v0,117,315.2832356724361,298425,825,2541.601453065872,37.13533020019531,-37.91471862792969,7.832357406616211,0.62
297,MetaDrive-Tut-100Env-v0,117,315.07871046789325,299183,827,2547.390596151352,41.707366943359375,-41.750328063964844,9.968093872070312,0.62
298,MetaDrive-Tut-100Env-v0,117,314.42842324648336,300153,829,2556.0105409622192,41.206573486328125,-41.838348388671875,6.770351409912109,0.64
299,MetaDrive-Tut-100Env-v0,117,314.66324516154106,301133,831,2564.838984966278,36.42835998535156,-36.92489242553711,21.178674697875977,0.64
300,MetaDrive-Tut-100Env-v0,117,313.45423905067383,302002,833,2572.3336737155914,37.88837432861328,,20.812347412109375,0.64
301,MetaDrive-Tut-100Env-v0,117,312.560635131767,303112,836,2581.8140876293182,37.50877380371094,,29.189010620117188,0.65
302,MetaDrive-Tut-100Env-v0,117,315.18113484256793,304183,838,2592.015095472336,37.508113861083984,-37.712867736816406,5.923908233642578,0.67
303,MetaDrive-Tut-100Env-v0,117,319.7514686630429,305204,840,2600.397269964218,39.630271911621094,,20.38990020751953,0.69
304,MetaDrive-Tut-100Env-v0,117,324.78939825904996,306443,842,2612.313860177994,38.48009490966797,-39.461647033691406,5.568320274353027,0.7
305,MetaDrive-Tut-100Env-v0,117,325.1434169948699,307002,843,2616.6278195381165,35.362579345703125,,6.545356750488281,0.7
306,MetaDrive-Tut-100Env-v0,117,321.13096211074264,308006,846,2623.987387418747,40.15241241455078,,8.190340995788574,0.69
307,MetaDrive-Tut-100Env-v0,117,317.83180438149924,309102,848,2633.023665904999,41.450321197509766,,8.221207618713379,0.69
308,MetaDrive-Tut-100Env-v0,117,317.89467620620644,310409,851,2643.7903804779053,40.3370361328125,-40.71062088012695,9.964585304260254,0.7
309,MetaDrive-Tut-100Env-v0,117,316.9740940799933,311577,854,2654.330379486084,39.4227294921875,-39.34466552734375,5.862185478210449,0.7
310,MetaDrive-Tut-100Env-v0,117,314.00460921694366,312138,856,2659.0284399986267,39.80482482910156,,11.414800643920898,0.69
311,MetaDrive-Tut-100Env-v0,117,313.86055771675166,313461,859,2671.456819295883,41.008636474609375,-41.26917266845703,13.28608512878418,0.7
312,MetaDrive-Tut-100Env-v0,117,320.057155531337,314572,861,2680.9701693058014,39.006675720214844,,5.5011305809021,0.72
313,MetaDrive-Tut-100Env-v0,117,320.8168219842399,315311,862,2688.1617302894592,41.021480560302734,-40.67864227294922,5.84674072265625,0.72
314,MetaDrive-Tut-100Env-v0,117,321.1710473588147,316818,864,2699.06605386734,39.40801239013672,,4.546829700469971,0.71
315,MetaDrive-Tut-100Env-v0,117,317.70853813115076,317165,866,2701.7176859378815,40.74260711669922,-40.89986801147461,8.630928039550781,0.71
316,MetaDrive-Tut-100Env-v0,117,317.0310330944741,318225,868,2711.5695762634277,41.34198760986328,-41.55107498168945,6.8730926513671875,0.71
317,MetaDrive-Tut-100Env-v0,117,315.16982623577945,319067,870,2718.4403808116913,40.433319091796875,-39.901214599609375,5.745655536651611,0.71
318,MetaDrive-Tut-100Env-v0,117,312.9279981018081,320383,874,2731.5184829235077,41.13703155517578,-41.55197525024414,10.548629760742188,0.72
319,MetaDrive-Tut-100Env-v0,117,313.72249848624926,321464,876,2741.9797987937927,39.47001647949219,,7.615077972412109,0.73
320,MetaDrive-Tut-100Env-v0,117,314.90660021284805,322108,877,2747.8824701309204,39.117733001708984,,7.977560997009277,0.73
321,MetaDrive-Tut-100Env-v0,117,316.93188737787335,323051,879,2756.2503650188446,39.13457489013672,-39.34489440917969,38.0081787109375,0.74
322,MetaDrive-Tut-100Env-v0,117,319.25289122062463,324193,881,2764.872777223587,39.21575927734375,-40.24586868286133,6.732394218444824,0.75
323,MetaDrive-Tut-100Env-v0,117,318.6255300919326,325587,884,2776.6631491184235,41.117271423339844,-41.24915313720703,26.659759521484375,0.75
324,MetaDrive-Tut-100Env-v0,117,320.3329798508478,326524,886,2785.217159509659,41.92304229736328,,6.374924659729004,0.76
325,MetaDrive-Tut-100Env-v0,117,324.1818048209971,327165,887,2791.212299823761,40.453819274902344,-40.1107177734375,5.65688419342041,0.77
326,MetaDrive-Tut-100Env-v0,117,323.60978770301534,328139,889,2800.543045282364,41.43341064453125,-42.162879943847656,11.61362075805664,0.76
327,MetaDrive-Tut-100Env-v0,117,322.29778577526076,329140,890,2808.8428490161896,40.2073974609375,,14.508835792541504,0.75
328,MetaDrive-Tut-100Env-v0,117,323.24012573836217,330598,892,2823.798702478409,38.48605728149414,,26.71332550048828,0.75
329,MetaDrive-Tut-100Env-v0,117,322.2243524758546,331044,893,2827.6058592796326,37.949127197265625,,6.9606475830078125,0.75
330,MetaDrive-Tut-100Env-v0,117,321.70222011772574,332045,894,2835.677776813507,40.929786682128906,-40.972900390625,9.294651985168457,0.74
331,MetaDrive-Tut-100Env-v0,117,321.5901779085439,333338,896,2848.5242228507996,37.601654052734375,,6.217181205749512,0.72
332,MetaDrive-Tut-100Env-v0,116,320.488420167091,334174,898,2857.1180126667023,39.63903045654297,,9.903675079345703,0.71
333,MetaDrive-Tut-100Env-v0,116,323.5469536233066,335324,900,2868.2725927829742,39.21881866455078,,4.740494728088379,0.73
334,MetaDrive-Tut-100Env-v0,116,326.57797476145623,336385,902,2878.401488304138,38.543209075927734,-38.214725494384766,8.064311981201172,0.74
335,MetaDrive-Tut-100Env-v0,116,329.5646474982011,337386,903,2886.760172843933,37.88558578491211,,7.8518877029418945,0.74
336,MetaDrive-Tut-100Env-v0,116,329.6248311982115,338217,905,2893.849112033844,39.34515380859375,-39.49903106689453,8.714680671691895,0.74
337,MetaDrive-Tut-100Env-v0,116,329.53200775901075,339071,907,2901.7183871269226,38.881282806396484,-39.204856872558594,4.724997043609619,0.74
338,MetaDrive-Tut-100Env-v0,116,329.8962625400859,340110,909,2910.898795604706,40.329261779785156,,6.581340789794922,0.74
339,MetaDrive-Tut-100Env-v0,116,329.88304025854575,341111,910,2918.5075554847717,38.82984161376953,-38.730953216552734,9.357986450195312,0.73
340,MetaDrive-Tut-100Env-v0,116,328.83301611597255,342213,912,2928.9346227645874,38.33368682861328,-38.45893478393555,8.315226554870605,0.73
341,MetaDrive-Tut-100Env-v0,116,328.34403972636204,343214,913,2936.537827730179,38.42835235595703,,8.530425071716309,0.73
342,MetaDrive-Tut-100Env-v0,116,325.78665753990384,344536,915,2947.5012876987457,37.46739959716797,,6.020516395568848,0.73
343,MetaDrive-Tut-100Env-v0,116,324.69806955019465,345970,917,2960.9576988220215,39.29827117919922,,11.191347122192383,0.72
344,MetaDrive-Tut-100Env-v0,116,323.552691588054,346971,918,2968.576149225235,39.79864501953125,-39.94287109375,14.174798965454102,0.71
345,MetaDrive-Tut-100Env-v0,116,323.30337289061686,347363,919,2971.3358483314514,36.2686653137207,-36.35731506347656,7.711266994476318,0.71
346,MetaDrive-Tut-100Env-v0,116,325.1241070420032,348364,920,2980.411787748337,40.36048126220703,,6.938276290893555,0.71
347,MetaDrive-Tut-100Env-v0,116,321.5442656579037,349524,923,2989.5412282943726,37.20423126220703,,5.91976261138916,0.7
348,MetaDrive-Tut-100Env-v0,116,322.88164258889776,350143,924,2995.3222975730896,38.331363677978516,-38.53306579589844,5.7476019859313965,0.7
349,MetaDrive-Tut-100Env-v0,116,321.8535885701601,351276,927,3005.5572378635406,34.690452575683594,,12.2982177734375,0.71
350,MetaDrive-Tut-100Env-v0,116,323.9615909915946,352518,929,3017.6469354629517,37.14208984375,,6.243810653686523,0.71
351,MetaDrive-Tut-100Env-v0,116,323.4259885411344,353498,931,3026.2793533802032,39.55635070800781,,5.502299785614014,0.71
352,MetaDrive-Tut-100Env-v0,116,323.8303660840439,354499,932,3033.986360311508,38.19561004638672,-38.06071472167969,7.03962516784668,0.7
353,MetaDrive-Tut-100Env-v0,116,324.6135052995771,355094,933,3038.9520812034607,38.18049621582031,,5.765664100646973,0.7
354,MetaDrive-Tut-100Env-v0,116,325.95123919654895,356095,934,3046.062033891678,37.08901596069336,-37.52122497558594,8.023763656616211,0.69
355,MetaDrive-Tut-100Env-v0,116,329.3886586661465,357547,936,3059.144786596298,39.980979919433594,-40.66383361816406,7.258934497833252,0.7
356,MetaDrive-Tut-100Env-v0,116,330.03558498655036,358033,937,3063.4105772972107,38.11112976074219,-38.87333679199219,4.959556579589844,0.7
357,MetaDrive-Tut-100Env-v0,116,330.452218628468,359034,938,3073.070894241333,38.637672424316406,,4.678552150726318,0.69
358,MetaDrive-Tut-100Env-v0,116,330.42782047690287,360035,939,3081.9236221313477,39.090415954589844,-39.67012023925781,6.279809951782227,0.68
359,MetaDrive-Tut-100Env-v0,116,326.8223171120632,361134,941,3091.1087217330933,41.02379608154297,,7.077248573303223,0.66
360,MetaDrive-Tut-100Env-v0,116,326.5674244077778,362135,942,3100.6122324466705,37.43327331542969,-37.755123138427734,7.1609110832214355,0.65
361,MetaDrive-Tut-100Env-v0,116,322.83831948013983,363686,945,3114.0938799381256,37.45991516113281,,13.054132461547852,0.62
362,MetaDrive-Tut-100Env-v0,116,326.006979411799,364455,946,3120.628744363785,40.28252029418945,-40.39127731323242,7.883315563201904,0.63
363,MetaDrive-Tut-100Env-v0,116,325.73072768621677,365456,947,3127.247387647629,40.20172119140625,,4.896665573120117,0.63
364,MetaDrive-Tut-100Env-v0,116,326.1821872985622,366457,948,3135.298954963684,39.829437255859375,-40.20826721191406,4.931780815124512,0.62
365,MetaDrive-Tut-100Env-v0,116,321.4053768985606,367503,953,3145.6792352199554,40.06385040283203,-40.75487518310547,7.996740818023682,0.59
366,MetaDrive-Tut-100Env-v0,116,322.72371051498686,368430,954,3154.400632619858,38.76451873779297,,12.275510787963867,0.59
367,MetaDrive-Tut-100Env-v0,116,326.2147807308963,369675,956,3165.526508808136,39.21760940551758,-39.64056396484375,27.80696678161621,0.6
368,MetaDrive-Tut-100Env-v0,116,325.6527455850655,370265,957,3171.0490460395813,39.914100646972656,-40.25379943847656,8.321720123291016,0.6
369,MetaDrive-Tut-100Env-v0,116,326.0688408552643,371636,960,3183.5304431915283,40.13802719116211,,7.26306676864624,0.59
370,MetaDrive-Tut-100Env-v0,116,321.53836739056516,372561,962,3191.948649406433,37.959049224853516,-37.89908218383789,6.578451156616211,0.58
371,MetaDrive-Tut-100Env-v0,116,323.0337491632248,373279,963,3198.9787640571594,40.68926239013672,-40.526466369628906,5.6216888427734375,0.58
372,MetaDrive-Tut-100Env-v0,116,325.52723605611266,374389,965,3208.8154153823853,38.07060623168945,-37.85138702392578,5.117618560791016,0.6
373,MetaDrive-Tut-100Env-v0,116,327.2724877269456,375097,966,3214.718197822571,40.44561767578125,-41.408164978027344,7.057887077331543,0.61
374,MetaDrive-Tut-100Env-v0,116,328.92663364500726,376519,968,3227.617782831192,37.01298141479492,-37.04474639892578,7.926935195922852,0.61
375,MetaDrive-Tut-100Env-v0,116,327.6371784198361,377159,969,3232.8018939495087,37.94126510620117,-38.84706497192383,8.562304496765137,0.61
376,MetaDrive-Tut-100Env-v0,116,330.17887671375354,378359,972,3242.77716422081,39.15129852294922,-39.6456298828125,7.75988245010376,0.62
377,MetaDrive-Tut-100Env-v0,116,332.78676319636315,379668,974,3254.143444776535,36.45354080200195,,8.984230041503906,0.62
378,MetaDrive-Tut-100Env-v0,116,327.9451358784562,380249,976,3258.7003829479218,40.25659942626953,-40.021217346191406,5.899783134460449,0.61
379,MetaDrive-Tut-100Env-v0,116,323.7301251949515,381519,979,3269.720501422882,40.39408493041992,-40.60297393798828,7.354698181152344,0.6
380,MetaDrive-Tut-100Env-v0,116,324.90217926079464,382434,981,3278.1679422855377,39.23125457763672,,6.248715400695801,0.59
381,MetaDrive-Tut-100Env-v0,116,325.4987519529205,383477,983,3287.0978486537933,39.31986999511719,-40.119319915771484,7.4759521484375,0.59
382,MetaDrive-Tut-100Env-v0,116,325.71316433680914,384275,984,3295.4025197029114,41.49916076660156,-42.01008987426758,16.748546600341797,0.59
383,MetaDrive-Tut-100Env-v0,116,326.0775674488548,385605,986,3307.5574333667755,38.993080139160156,-39.62590026855469,3.71163272857666,0.59
384,MetaDrive-Tut-100Env-v0,116,325.8340078012771,386606,987,3316.7691004276276,40.249664306640625,,6.146855354309082,0.58
385,MetaDrive-Tut-100Env-v0,116,324.9102166519799,387169,988,3321.3175477981567,38.63978576660156,-38.16025161743164,23.121076583862305,0.59
386,MetaDrive-Tut-100Env-v0,116,325.32580895697,388585,990,3332.7639236450195,37.95497131347656,-38.202903747558594,4.283763885498047,0.6
387,MetaDrive-Tut-100Env-v0,116,322.70374135622984,389714,992,3342.3003010749817,40.10911560058594,,12.16077995300293,0.59
388,MetaDrive-Tut-100Env-v0,116,323.9733899293769,390322,993,3348.2869358062744,37.000404357910156,,19.76066780090332,0.59
389,MetaDrive-Tut-100Env-v0,116,321.357767659974,391330,996,3358.855155467987,38.58042526245117,,11.023151397705078,0.6
390,MetaDrive-Tut-100Env-v0,116,324.8057382495085,392914,998,3376.9149956703186,40.556365966796875,,6.591516017913818,0.6
391,MetaDrive-Tut-100Env-v0,116,323.9757503048708,393286,999,3380.0899550914764,37.74728775024414,,4.066308498382568,0.6
392,MetaDrive-Tut-100Env-v0,116,326.12830086049826,394031,1000,3388.582186937332,38.89385986328125,-38.750064849853516,11.223021507263184,0.6
393,MetaDrive-Tut-100Env-v0,116,326.7939125273243,395032,1001,3398.135298728943,39.02489471435547,,9.155582427978516,0.59
394,MetaDrive-Tut-100Env-v0,116,322.2652068761552,396118,1004,3408.5478270053864,38.867008209228516,,5.054992198944092,0.59
395,MetaDrive-Tut-100Env-v0,116,325.3507066967457,397391,1006,3420.1392138004303,39.88294982910156,-40.870399475097656,6.127682209014893,0.59
396,MetaDrive-Tut-100Env-v0,116,324.2929525656888,398497,1008,3429.10674905777,38.28392028808594,-38.342041015625,12.29648208618164,0.59
397,MetaDrive-Tut-100Env-v0,116,325.30772937635055,399474,1010,3438.3274159431458,38.25465393066406,,8.612859725952148,0.6
398,MetaDrive-Tut-100Env-v0,116,329.77233934293656,400054,1011,3444.8780093193054,39.23839569091797,,4.4471635818481445,0.61
399,MetaDrive-Tut-100Env-v0,116,329.90003122395063,401219,1014,3454.2800376415253,38.94647216796875,-38.612667083740234,7.413692474365234,0.63
400,MetaDrive-Tut-100Env-v0,116,327.01498108579295,402392,1017,3466.2991943359375,37.13386917114258,,5.222586154937744,0.63
401,MetaDrive-Tut-100Env-v0,116,328.2306710749913,403353,1019,3476.114407300949,39.13083267211914,-38.95526885986328,6.342817783355713,0.64
402,MetaDrive-Tut-100Env-v0,116,327.8260325146486,404385,1021,3485.4694571495056,38.73529052734375,-39.35455322265625,7.988029956817627,0.65
403,MetaDrive-Tut-100Env-v0,116,328.20022751094876,405582,1024,3495.3753356933594,39.41564178466797,,17.699981689453125,0.65
404,MetaDrive-Tut-100Env-v0,116,329.73557299900943,406231,1025,3501.055653333664,38.902198791503906,-38.946990966796875,7.413372039794922,0.65
405,MetaDrive-Tut-100Env-v0,116,333.8852198509361,407445,1027,3511.7930500507355,38.969947814941406,-39.42588806152344,9.925655364990234,0.66
406,MetaDrive-Tut-100Env-v0,116,329.4605721751324,408085,1029,3517.3774609565735,38.826904296875,-39.168514251708984,7.228399276733398,0.65
407,MetaDrive-Tut-100Env-v0,116,326.5547471625457,409177,1032,3525.9288709163666,37.034706115722656,-36.86842727661133,23.617454528808594,0.65
408,MetaDrive-Tut-100Env-v0,116,325.55362888831553,410059,1034,3532.462862253189,38.463104248046875,-38.091590881347656,7.591770172119141,0.66
409,MetaDrive-Tut-100Env-v0,116,324.06926360486113,411434,1037,3542.7322058677673,40.973079681396484,,5.815420627593994,0.66
410,MetaDrive-Tut-100Env-v0,116,321.91215235786495,412406,1039,3550.597273826599,37.507545471191406,,8.376907348632812,0.68
411,MetaDrive-Tut-100Env-v0,116,321.79022818006314,413355,1042,3558.099314212799,39.424156188964844,-40.31425857543945,3.634704828262329,0.69
412,MetaDrive-Tut-100Env-v0,116,326.29555811058617,414436,1044,3567.411262989044,41.450584411621094,,4.268111705780029,0.71
413,MetaDrive-Tut-100Env-v0,116,323.15363429802517,415438,1047,3574.9354605674744,38.802791595458984,,7.568240165710449,0.72
414,MetaDrive-Tut-100Env-v0,116,324.54955569018335,416249,1049,3581.4308638572693,36.7559814453125,-37.22887420654297,10.077774047851562,0.74
415,MetaDrive-Tut-100Env-v0,116,330.3917609011271,417203,1051,3589.344221830368,39.69513702392578,-40.20170593261719,5.128882884979248,0.76
416,MetaDrive-Tut-100Env-v0,116,328.1427095758279,418383,1054,3600.145546913147,38.68619918823242,-37.84109878540039,8.455604553222656,0.76
417,MetaDrive-Tut-100Env-v0,116,326.6232010298782,419282,1056,3607.2797095775604,39.38205337524414,,6.522666931152344,0.76
418,MetaDrive-Tut-100Env-v0,116,328.13672450519095,420357,1058,3616.886563062668,38.370479583740234,-38.87908172607422,7.104628086090088,0.76
419,MetaDrive-Tut-100Env-v0,116,327.22279169710185,421057,1060,3623.1104254722595,41.37792205810547,-42.20903778076172,7.5392560958862305,0.75
420,MetaDrive-Tut-100Env-v0,116,329.45982682627914,422121,1062,3632.281400203705,37.67198944091797,-37.77458190917969,5.459258556365967,0.76
421,MetaDrive-Tut-100Env-v0,116,325.7848706795073,423335,1065,3642.0897223949432,37.74205017089844,-37.4383659362793,5.817110061645508,0.75
422,MetaDrive-Tut-100Env-v0,116,325.05229662725696,424092,1067,3648.3436489105225,37.28457260131836,,4.404045581817627,0.75
423,MetaDrive-Tut-100Env-v0,116,324.01214619905585,425056,1069,3657.7138109207153,37.68696212768555,,12.839390754699707,0.75
424,MetaDrive-Tut-100Env-v0,116,327.1208470581465,426444,1072,3670.893588781357,38.31220245361328,,6.434642791748047,0.75
425,MetaDrive-Tut-100Env-v0,116,325.22035985994484,427369,1074,3678.575860977173,38.061012268066406,-39.00276184082031,5.910597324371338,0.75
426,MetaDrive-Tut-100Env-v0,116,328.82129061227175,428329,1076,3686.565569639206,37.459075927734375,-37.62378692626953,36.37749481201172,0.76
427,MetaDrive-Tut-100Env-v0,116,330.74333036528486,429134,1078,3693.059736251831,37.735374450683594,,9.864742279052734,0.77
428,MetaDrive-Tut-100Env-v0,116,332.0285586762256,430072,1080,3700.3415694236755,38.078269958496094,,5.807123184204102,0.78
429,MetaDrive-Tut-100Env-v0,116,328.10166663120935,431129,1083,3708.191731452942,38.975624084472656,-38.71843719482422,9.339471817016602,0.77
430,MetaDrive-Tut-100Env-v0,116,323.1196724114995,432182,1086,3716.6886463165283,36.907752990722656,,7.688988208770752,0.76
431,MetaDrive-Tut-100Env-v0,116,323.7458648026343,433333,1088,3727.0549929142,38.01239776611328,-38.38135528564453,5.755189418792725,0.77
432,MetaDrive-Tut-100Env-v0,116,325.5136842329514,434011,1089,3733.840622663498,37.69047927856445,-38.03107833862305,4.93190860748291,0.77
433,MetaDrive-Tut-100Env-v0,116,321.41363392238634,435529,1093,3747.3285043239594,39.07533264160156,-39.62058639526367,7.000186920166016,0.77
434,MetaDrive-Tut-100Env-v0,116,325.5655463968552,436427,1095,3755.0869908332825,40.77192687988281,-40.64958953857422,4.628171920776367,0.79
435,MetaDrive-Tut-100Env-v0,116,321.8417844002381,437155,1097,3760.644286632538,38.84170913696289,-38.86747741699219,17.29058074951172,0.79
436,MetaDrive-Tut-100Env-v0,116,315.9144473154552,438341,1100,3771.1503989696503,37.89809036254883,-37.95003128051758,5.681469917297363,0.79
437,MetaDrive-Tut-100Env-v0,116,315.70395222300414,439217,1102,3779.5964374542236,38.81261444091797,-38.871070861816406,6.266128063201904,0.8
438,MetaDrive-Tut-100Env-v0,116,313.71532624899066,440133,1105,3788.3485493659973,37.888362884521484,-38.16630554199219,13.85012149810791,0.79
439,MetaDrive-Tut-100Env-v0,116,310.5634794657864,441190,1108,3798.6314313411713,40.110206604003906,,7.790294647216797,0.78
440,MetaDrive-Tut-100Env-v0,116,308.06226088088056,442375,1111,3811.11923623085,36.949493408203125,-37.439361572265625,6.309330940246582,0.78
441,MetaDrive-Tut-100Env-v0,116,309.647577010997,443242,1113,3818.815999984741,40.17490768432617,,5.919188499450684,0.79
442,MetaDrive-Tut-100Env-v0,116,311.54913335117556,444139,1115,3826.4875547885895,38.011505126953125,-38.417240142822266,11.560340881347656,0.8
443,MetaDrive-Tut-100Env-v0,116,311.5128945793767,445191,1117,3837.748274564743,40.230167388916016,-40.44227981567383,9.585646629333496,0.81
444,MetaDrive-Tut-100Env-v0,115,312.7139734444064,446279,1119,3848.0945370197296,38.967472076416016,-39.197906494140625,4.539370536804199,0.81
445,MetaDrive-Tut-100Env-v0,115,311.3371482934717,447593,1122,3860.5031728744507,40.749534606933594,-41.141868591308594,6.425448894500732,0.8
446,MetaDrive-Tut-100Env-v0,115,313.97518384220444,448048,1123,3864.3181529045105,38.25263977050781,,6.005224704742432,0.81
447,MetaDrive-Tut-100Env-v0,115,312.1892754218561,449554,1126,3877.4928987026215,34.997291564941406,,9.217487335205078,0.81
448,MetaDrive-Tut-100Env-v0,115,311.0903504947984,450033,1128,3881.7409467697144,40.870025634765625,-41.145103454589844,6.138911247253418,0.81
449,MetaDrive-Tut-100Env-v0,115,308.67556426948863,451246,1132,3891.178818464279,37.424827575683594,,7.748169422149658,0.8
450,MetaDrive-Tut-100Env-v0,115,310.1195089395784,452374,1134,3900.892348766327,38.46147537231445,,7.044855117797852,0.8
451,MetaDrive-Tut-100Env-v0,115,311.14243170114736,453350,1136,3908.4523890018463,40.611785888671875,,3.811288356781006,0.8
452,MetaDrive-Tut-100Env-v0,116,311.1506902015802,454252,1138,3915.6999197006226,41.762916564941406,,5.935626983642578,0.8
453,MetaDrive-Tut-100Env-v0,115,311.6266408368597,455565,1141,3927.590898990631,40.16889953613281,-40.41162109375,5.656609535217285,0.8
454,MetaDrive-Tut-100Env-v0,115,312.6864517990754,456083,1142,3932.442485809326,40.299285888671875,-40.51134490966797,3.9361987113952637,0.81
455,MetaDrive-Tut-100Env-v0,115,315.8706685151963,457458,1144,3945.0463058948517,39.38654327392578,,8.120229721069336,0.81
456,MetaDrive-Tut-100Env-v0,115,319.3247423395731,458297,1146,3951.293096780777,40.90827560424805,-41.129844665527344,5.215915679931641,0.82
457,MetaDrive-Tut-100Env-v0,115,321.0895127649666,459491,1148,3961.7409925460815,37.735328674316406,-37.88432693481445,4.47941780090332,0.82
458,MetaDrive-Tut-100Env-v0,115,320.4930429830454,460482,1150,3971.814541578293,42.380531311035156,,14.626890182495117,0.82
459,MetaDrive-Tut-100Env-v0,115,318.06494974649166,461055,1152,3976.7030391693115,39.37804412841797,-39.437957763671875,15.148014068603516,0.81
460,MetaDrive-Tut-100Env-v0,115,317.05592393991077,462500,1156,3988.7078478336334,37.75283432006836,,9.757696151733398,0.81
461,MetaDrive-Tut-100Env-v0,115,311.7151045682319,463033,1158,3993.500610589981,39.60663986206055,-40.02772521972656,11.648731231689453,0.79
462,MetaDrive-Tut-100Env-v0,115,314.36669021055474,464514,1161,4007.232662677765,37.73517608642578,,7.824874401092529,0.81
463,MetaDrive-Tut-100Env-v0,115,316.5107721204774,465482,1163,4014.929757118225,40.03359603881836,,9.681280136108398,0.82
464,MetaDrive-Tut-100Env-v0,115,316.13755347910467,466477,1165,4023.2946660518646,38.46400833129883,-38.87174987792969,6.248161315917969,0.81
465,MetaDrive-Tut-100Env-v0,115,317.5984280729424,467262,1166,4031.2699224948883,39.54447937011719,,5.772473335266113,0.81
466,MetaDrive-Tut-100Env-v0,115,318.0041062451115,468402,1168,4041.747509241104,38.52119445800781,,7.5812506675720215,0.81
467,MetaDrive-Tut-100Env-v0,115,320.2682531234561,469123,1169,4049.684569120407,40.439186096191406,-40.27520751953125,15.358972549438477,0.81
468,MetaDrive-Tut-100Env-v0,115,320.064292593038,470024,1171,4058.5452539920807,41.140106201171875,,5.603933334350586,0.82
469,MetaDrive-Tut-100Env-v0,115,317.75714653373046,471045,1174,4069.658987760544,40.707130432128906,-40.87577819824219,5.95072603225708,0.8
470,MetaDrive-Tut-100Env-v0,115,318.0465314542125,472462,1177,4082.856057405472,38.990501403808594,,10.544921875,0.8
471,MetaDrive-Tut-100Env-v0,115,318.4800638625366,473161,1178,4090.7612442970276,39.596805572509766,-40.08203125,12.194524765014648,0.8
472,MetaDrive-Tut-100Env-v0,115,318.94268934097056,474287,1180,4101.506101846695,40.807315826416016,-41.03999328613281,6.052740097045898,0.8
473,MetaDrive-Tut-100Env-v0,115,319.10409816969025,475055,1182,4108.143278360367,37.828346252441406,-37.747676849365234,5.450961112976074,0.79
474,MetaDrive-Tut-100Env-v0,115,324.4634947018147,476529,1185,4121.592073440552,37.69267272949219,-37.56256103515625,6.862340927124023,0.8
475,MetaDrive-Tut-100Env-v0,115,325.5063018780503,477071,1186,4125.967991113663,41.343116760253906,-41.83039093017578,8.038114547729492,0.8
476,MetaDrive-Tut-100Env-v0,115,323.1358440357587,478457,1189,4139.980941295624,40.07866668701172,-40.00963592529297,8.602846145629883,0.79
477,MetaDrive-Tut-100Env-v0,115,324.05415551893805,479471,1191,4148.489131450653,38.26850128173828,-38.75860595703125,4.869890213012695,0.79
478,MetaDrive-Tut-100Env-v0,115,328.0675638850519,480026,1192,4154.207038402557,39.3076171875,,8.849064826965332,0.8
479,MetaDrive-Tut-100Env-v0,115,327.84880103302726,481449,1195,4166.966885566711,38.95350646972656,-39.427738189697266,4.435224533081055,0.8
480,MetaDrive-Tut-100Env-v0,115,329.1142011208365,482268,1197,4173.528733730316,38.32078552246094,,7.873748779296875,0.8
481,MetaDrive-Tut-100Env-v0,115,331.03959359303,483145,1199,4181.691553354263,39.30415344238281,-39.5649299621582,24.62930679321289,0.8
482,MetaDrive-Tut-100Env-v0,115,326.75907274673415,484239,1202,4192.044894456863,41.29469299316406,-41.50621032714844,6.3790130615234375,0.79
483,MetaDrive-Tut-100Env-v0,115,332.23932253082717,485315,1204,4202.018206357956,37.91571807861328,-38.774681091308594,8.731714248657227,0.81
484,MetaDrive-Tut-100Env-v0,115,330.23364236930405,486338,1206,4213.7535037994385,38.76336669921875,,7.097809314727783,0.8
485,MetaDrive-Tut-100Env-v0,115,332.0985524352743,487109,1208,4220.829128742218,37.550750732421875,-37.97925567626953,41.142425537109375,0.8
486,MetaDrive-Tut-100Env-v0,115,331.6776725851466,488005,1210,4228.5664212703705,39.22434997558594,-39.306884765625,3.1179661750793457,0.8
487,MetaDrive-Tut-100Env-v0,115,331.5967455818741,489302,1213,4238.757827997208,41.939605712890625,,12.371522903442383,0.8
488,MetaDrive-Tut-100Env-v0,115,322.27066839147125,490055,1217,4245.592054367065,41.93122482299805,-42.33962631225586,14.295953750610352,0.76
489,MetaDrive-Tut-100Env-v0,115,322.5818477255395,491390,1220,4258.1826050281525,40.04724884033203,,30.690631866455078,0.76
490,MetaDrive-Tut-100Env-v0,115,320.1991905466289,492620,1222,4268.032354354858,41.414485931396484,,4.126345634460449,0.75
491,MetaDrive-Tut-100Env-v0,115,320.6506585526161,493254,1223,4273.840348005295,39.054588317871094,,26.132484436035156,0.75
492,MetaDrive-Tut-100Env-v0,115,321.42025966616563,494258,1225,4283.203094959259,38.904212951660156,,5.3581624031066895,0.75
493,MetaDrive-Tut-100Env-v0,115,319.4844825039326,495181,1228,4290.825024604797,39.387977600097656,-39.736328125,6.802375793457031,0.75
494,MetaDrive-Tut-100Env-v0,115,322.7176859644897,496175,1230,4300.260450124741,38.19477844238281,-38.21215057373047,7.962184906005859,0.76
495,MetaDrive-Tut-100Env-v0,115,325.5086134712776,497170,1232,4309.4164955616,38.42383575439453,,8.261448860168457,0.77
496,MetaDrive-Tut-100Env-v0,115,323.4032292286071,498120,1234,4317.446250200272,42.195953369140625,,3.741337776184082,0.77
497,MetaDrive-Tut-100Env-v0,115,322.75170184452844,499650,1237,4332.242427587509,40.4310188293457,,24.185138702392578,0.76
